{
  "modelCount": 8,
  "modelModels": [
    {
	  "ModelName": "MyConfigReadWrite",
      "Modeltype": "MyConfigReadWrite",
      "ModelId": "0000301"
	},
    {
      "ModelName": "GameObjectMgr",
      "Modeltype": "GameObjectMgr",
      "ModelId": "0000101"
    },
    {
      "ModelName": "GameSceneMgr",
      "Modeltype": "GameSceneMgr",
      "ModelId": "0000102"
    },
    {
      "ModelName": "GameUiMgr",
      "Modeltype": "GameUiMgr",
      "ModelId": "0000103"
    },
    {
      "ModelName": "MyInputManager",
      "Modeltype": "MyInputManager",
      "ModelId": "0000104"
    },
    {
      "ModelName": "PlayerMoveCommand",
      "Modeltype": "PlayerMoveCommand",
      "ModelId": "0000201"
    },
    {
      "ModelName": "PlayerSkillCommand",
      "Modeltype": "PlayerSkillCommand",
      "ModelId": "0000202"
    },
    {
      "ModelName": "SystemControlCommand",
      "Modeltype": "SystemControlCommand",
      "ModelId": "0000203"
    },
    {
      "ModelName": "PlayerControlCommand",
      "Modeltype": "PlayerControlCommand",
      "ModelId": "0000204"
    }
  ]}
